421,151,3
401,151,3
381,151,3
361,151,3
341,151,3
321,151,3
301,151,3
281,151,3
261,151,3
241,151,3
221,151,3
201,151,3
181,151,3
161,151,3
141,151,3
121,151,3
101,151,3
81,151,3
61,151,3
41,151,3
21,151,3
21,131,1
21,111,1
21,91,1
21,71,1
21,51,1
21,31,1
21,11,1
-314,-128,1
-314,-148,1
-314,-168,1
-294,-168,2
-274,-168,2
-254,-168,2
-234,-168,2
-214,-168,2
-194,-168,2
-174,-168,2
-154,-168,2
-134,-168,2
-114,-168,2
-94,-168,2
-74,-168,2
-54,-168,2
-34,-168,2
-14,-168,2
-14,-148,0
-14,-128,0
-14,-108,0
-14,-88,0
-14,-68,0
-14,-48,0
-14,-28,0
-14,-8,0
301,290,0
301,310,0
321,310,2
341,310,2
361,310,2
341,310,3
321,310,3
301,310,3
281,310,3
261,310,3
241,310,3
221,310,3
201,310,3
181,310,3
161,310,3
141,310,3
121,310,3
101,310,3
81,310,3
61,310,3
41,310,3
21,310,3
21,290,1
21,270,1
21,250,1
21,230,1
21,210,1
21,190,1
21,170,1
21,150,1
21,130,1
21,110,1
21,90,1
21,70,1
21,50,1
21,30,1
21,10,1
-204,-175,1
-204,-195,1
-204,-215,1
-204,-235,1
-184,-235,2
-164,-235,2
-144,-235,2
-124,-235,2
-104,-235,2
-84,-235,2
-64,-235,2
-44,-235,2
-24,-235,2
-4,-235,2
-4,-215,0
-4,-195,0
-4,-175,0
-4,-155,0
-4,-135,0
-4,-115,0
-4,-95,0
-4,-75,0
-4,-55,0
-4,-35,0
-4,-15,0
44,27,0
44,47,0
44,67,0
44,87,0
44,107,0
44,127,0
24,127,3
4,127,3
-16,127,3
-16,107,1
-16,87,1
-16,67,1
-16,47,1
-16,27,1
-16,7,1
41,-61,1
41,-81,1
41,-101,1
21,-101,3
1,-101,3
1,-81,0
1,-61,0
1,-41,0
1,-21,0
-136,-57,0
-136,-37,0
-136,-17,0
-136,3,0
-136,23,0
-136,43,0
-116,43,2
-96,43,2
-76,43,2
-56,43,2
-36,43,2
-16,43,2
4,43,2
24,43,2
24,23,1
24,3,1
308,101,1
288,101,3
268,101,3
248,101,3
228,101,3
208,101,3
188,101,3
168,101,3
148,101,3
128,101,3
108,101,3
88,101,3
68,101,3
48,101,3
28,101,3
8,101,3
8,81,1
8,61,1
8,41,1
8,21,1
-281,-57,1
-281,-77,1
-281,-97,1
-281,-117,1
-281,-137,1
-281,-157,1
-281,-177,1
-261,-177,2
-241,-177,2
-221,-177,2
-201,-177,2
-181,-177,2
-161,-177,2
-141,-177,2
-121,-177,2
-101,-177,2
-81,-177,2
-61,-177,2
-41,-177,2
-21,-177,2
-1,-177,2
-1,-157,0
-1,-137,0
-1,-117,0
-1,-97,0
-1,-77,0
-1,-57,0
-1,-37,0
-1,-17,0
224,247,0
224,267,0
224,287,0
204,287,3
184,287,3
164,287,3
144,287,3
124,287,3
104,287,3
84,287,3
64,287,3
44,287,3
24,287,3
4,287,3
-16,287,3
-36,287,3
-36,267,1
-36,247,1
-36,227,1
-36,207,1
-36,187,1
-36,167,1
-36,147,1
-36,127,1
-36,107,1
-36,87,1
-36,67,1
-36,47,1
-36,27,1
-16,27,2
4,27,2
24,27,2
44,27,2
64,27,2
84,27,2
104,27,2
124,27,2
144,27,2
164,27,2
164,7,1
164,-13,1
144,-13,3
124,-13,3
104,-13,3
84,-13,3
64,-13,3
44,-13,3
24,-13,3
4,-13,3
-341,-57,3
-361,-57,3
-381,-57,3
-361,-57,2
-341,-57,2
-321,-57,2
-301,-57,2
-281,-57,2
-261,-57,2
-241,-57,2
-221,-57,2
-201,-57,2
-181,-57,2
-161,-57,2
-141,-57,2
-121,-57,2
-101,-57,2
-81,-57,2
-61,-57,2
-41,-57,2
-21,-57,2
-1,-57,2
-1,-37,0
-1,-17,0
266,-273,0
266,-253,0
266,-233,0
266,-213,0
266,-193,0
266,-173,0
266,-153,0
266,-133,0
266,-113,0
266,-93,0
266,-73,0
266,-53,0
266,-33,0
266,-13,0
266,7,0
266,27,0
266,47,0
246,47,3
226,47,3
206,47,3
186,47,3
166,47,3
146,47,3
126,47,3
106,47,3
86,47,3
66,47,3
46,47,3
26,47,3
26,27,1
26,7,1
26,-13,1
6,-13,3
-90,253,3
-90,233,1
-90,213,1
-90,193,1
-90,173,1
-90,153,1
-90,133,1
-90,113,1
-90,93,1
-90,73,1
-90,53,1
-90,33,1
-90,13,1
-90,-7,1
-90,-27,1
-70,-27,2
-50,-27,2
-30,-27,2
-10,-27,2
10,-27,2
30,-27,2
50,-27,2
70,-27,2
90,-27,2
110,-27,2
130,-27,2
150,-27,2
170,-27,2
190,-27,2
170,-27,3
150,-27,3
130,-27,3
110,-27,3
90,-27,3
70,-27,3
50,-27,3
30,-27,3
10,-27,3
-10,-27,3
-30,-27,3
-30,-7,0
-30,13,0
-30,33,0
-30,53,0
-30,73,0
-30,93,0
-30,113,0
-30,133,0
-30,153,0
-30,173,0
-30,193,0
-10,193,2
10,193,2
30,193,2
30,173,1
30,153,1
30,133,1
30,113,1
30,93,1
30,73,1
30,53,1
30,33,1
30,13,1
30,-7,1
10,-7,3
146,-366,3
126,-366,3
106,-366,3
86,-366,3
66,-366,3
46,-366,3
26,-366,3
6,-366,3
6,-346,0
6,-326,0
6,-306,0
6,-286,0
6,-266,0
6,-246,0
6,-226,0
6,-206,0
6,-186,0
6,-166,0
6,-146,0
6,-126,0
6,-106,0
6,-86,0
6,-66,0
6,-46,0
6,-26,0
6,-6,0
-244,422,2
-224,422,2
-204,422,2
-184,422,2
-164,422,2
-144,422,2
-124,422,2
-104,422,2
-84,422,2
-64,422,2
-44,422,2
-24,422,2
-4,422,2
16,422,2
16,402,1
16,382,1
16,362,1
16,342,1
16,322,1
16,302,1
16,282,1
16,262,1
16,242,1
16,222,1
16,202,1
16,182,1
16,162,1
16,142,1
16,122,1
16,102,1
16,82,1
16,62,1
16,42,1
16,22,1
16,2,1
-59,-233,1
-59,-253,1
-79,-253,3
-99,-253,3
-119,-253,3
-139,-253,3
-139,-233,0
-139,-213,0
-139,-193,0
-139,-173,0
-139,-153,0
-139,-133,0
-139,-113,0
-139,-93,0
-139,-73,0
-139,-53,0
-139,-33,0
-139,-13,0
-139,7,0
-119,7,2
-99,7,2
-79,7,2
-59,7,2
-39,7,2
-19,7,2
50,-55,2
70,-55,2
90,-55,2
110,-55,2
90,-55,3
70,-55,3
50,-55,3
30,-55,3
10,-55,3
-10,-55,3
-30,-55,3
-50,-55,3
-50,-35,0
-50,-15,0
-50,5,0
-50,25,0
-50,45,0
-50,65,0
-30,65,2
-10,65,2
10,65,2
10,45,1
10,25,1
10,5,1
316,-169,1
316,-189,1
316,-209,1
316,-229,1
316,-249,1
316,-269,1
316,-289,1
296,-289,3
276,-289,3
256,-289,3
236,-289,3
216,-289,3
196,-289,3
176,-289,3
156,-289,3
136,-289,3
116,-289,3
96,-289,3
76,-289,3
56,-289,3
36,-289,3
16,-289,3
-4,-289,3
-24,-289,3
-24,-269,0
-24,-249,0
-24,-229,0
-24,-209,0
-24,-189,0
-24,-169,0
-24,-149,0
-24,-129,0
-24,-109,0
-24,-89,0
-24,-69,0
-24,-49,0
-24,-29,0
-24,-9,0
-24,11,0
-24,31,0
-4,31,2
16,31,2
36,31,2
56,31,2
76,31,2
96,31,2
116,31,2
136,31,2
156,31,2
176,31,2
196,31,2
176,31,3
156,31,3
136,31,3
116,31,3
96,31,3
76,31,3
56,31,3
36,31,3
16,31,3
16,11,1
-204,320,1
-204,300,1
-204,280,1
-204,260,1
-204,240,1
-204,220,1
-204,200,1
-204,180,1
-204,160,1
-204,140,1
-204,120,1
-204,100,1
-204,80,1
-204,60,1
-204,40,1
-204,20,1
-204,0,1
-204,-20,1
-184,-20,2
-164,-20,2
-144,-20,2
-124,-20,2
-104,-20,2
-84,-20,2
-64,-20,2
-44,-20,2
-24,-20,2
-4,-20,2
215,-102,2
235,-102,2
255,-102,2
235,-102,3
215,-102,3
195,-102,3
175,-102,3
155,-102,3
135,-102,3
115,-102,3
95,-102,3
75,-102,3
55,-102,3
35,-102,3
15,-102,3
15,-82,0
15,-62,0
15,-42,0
15,-22,0
15,-2,0
-231,49,0
-231,69,0
-231,89,0
-231,109,0
-231,129,0
-211,129,2
-191,129,2
-171,129,2
-151,129,2
-131,129,2
-111,129,2
-91,129,2
-71,129,2
-51,129,2
-31,129,2
-11,129,2
9,129,2
9,109,1
9,89,1
9,69,1
9,49,1
9,29,1
9,9,1
234,159,1
234,139,1
234,119,1
234,99,1
234,79,1
214,79,3
194,79,3
174,79,3
154,79,3
134,79,3
114,79,3
94,79,3
74,79,3
54,79,3
34,79,3
14,79,3
-6,79,3
-6,59,1
-6,39,1
-6,19,1
-280,-232,1
-280,-252,1
-260,-252,2
-240,-252,2
-220,-252,2
-200,-252,2
-180,-252,2
-160,-252,2
-140,-252,2
-120,-252,2
-100,-252,2
-80,-252,2
-60,-252,2
-40,-252,2
-20,-252,2
0,-252,2
20,-252,2
40,-252,2
40,-232,0
40,-212,0
40,-192,0
40,-172,0
40,-152,0
40,-132,0
40,-112,0
40,-92,0
40,-72,0
40,-52,0
40,-32,0
40,-12,0
20,-12,3
265,105,3
245,105,3
225,105,3
205,105,3
185,105,3
165,105,3
145,105,3
125,105,3
105,105,3
85,105,3
65,105,3
45,105,3
25,105,3
5,105,3
-15,105,3
-15,85,1
-15,65,1
-15,45,1
-15,25,1
-15,5,1
-228,91,1
-228,71,1
-228,51,1
-228,31,1
-208,31,2
-188,31,2
-168,31,2
-148,31,2
-128,31,2
-108,31,2
-88,31,2
-68,31,2
-48,31,2
-28,31,2
-28,11,1
-28,-9,1
-8,-9,2
208,-85,2
228,-85,2
248,-85,2
228,-85,3
208,-85,3
188,-85,3
168,-85,3
148,-85,3
128,-85,3
108,-85,3
88,-85,3
68,-85,3
48,-85,3
28,-85,3
8,-85,3
8,-65,0
8,-45,0
8,-25,0
8,-5,0
-209,10,0
-209,30,0
-209,50,0
-209,70,0
-189,70,2
-169,70,2
-149,70,2
-129,70,2
-109,70,2
-89,70,2
-69,70,2
-49,70,2
-29,70,2
-9,70,2
11,70,2
31,70,2
31,50,1
31,30,1
31,10,1
31,-10,1
31,-30,1
31,-50,1
11,-50,3
-9,-50,3
-9,-30,0
-9,-10,0
196,-284,0
196,-264,0
196,-244,0
196,-224,0
196,-204,0
196,-184,0
196,-164,0
196,-144,0
196,-124,0
196,-104,0
196,-84,0
196,-64,0
196,-44,0
196,-24,0
196,-4,0
176,-4,3
156,-4,3
136,-4,3
116,-4,3
96,-4,3
76,-4,3
56,-4,3
36,-4,3
16,-4,3
-61,-20,3
-81,-20,3
-101,-20,3
-81,-20,2
-61,-20,2
-41,-20,2
-21,-20,2
-1,-20,2
-78,59,2
-58,59,2
-38,59,2
-18,59,2
-18,39,1
-18,19,1
-18,-1,1
146,67,1
146,47,1
146,27,1
146,7,1
126,7,3
106,7,3
86,7,3
66,7,3
46,7,3
26,7,3
6,7,3
-135,50,3
-155,50,3
-155,30,1
-155,10,1
-135,10,2
-115,10,2
-95,10,2
-75,10,2
-55,10,2
-35,10,2
-15,10,2
-117,-47,2
-97,-47,2
-77,-47,2
-57,-47,2
-37,-47,2
-17,-47,2
3,-47,2
3,-27,0
3,-7,0
159,12,0
139,12,3
119,12,3
99,12,3
79,12,3
59,12,3
39,12,3
19,12,3
-238,-52,3
-258,-52,3
-238,-52,2
-218,-52,2
-198,-52,2
-178,-52,2
-158,-52,2
-138,-52,2
-118,-52,2
-98,-52,2
-78,-52,2
-58,-52,2
-38,-52,2
-18,-52,2
2,-52,2
2,-32,0
2,-12,0
262,346,0
262,366,0
242,366,3
222,366,3
202,366,3
182,366,3
162,366,3
142,366,3
122,366,3
102,366,3
82,366,3
62,366,3
42,366,3
22,366,3
22,346,1
22,326,1
22,306,1
22,286,1
22,266,1
22,246,1
22,226,1
22,206,1
22,186,1
22,166,1
22,146,1
22,126,1
22,106,1
22,86,1
22,66,1
22,46,1
22,26,1
22,6,1
52,-213,1
32,-213,3
12,-213,3
-8,-213,3
-8,-193,0
-8,-173,0
-8,-153,0
-8,-133,0
-8,-113,0
-8,-93,0
-8,-73,0
-8,-53,0
-8,-33,0
-8,-13,0
-227,-45,0
-227,-25,0
-227,-5,0
-227,15,0
-207,15,2
-187,15,2
-167,15,2
-147,15,2
-127,15,2
-107,15,2
-87,15,2
-67,15,2
-47,15,2
-27,15,2
-7,15,2
111,-196,2
131,-196,2
111,-196,3
91,-196,3
71,-196,3
51,-196,3
31,-196,3
11,-196,3
-9,-196,3
-29,-196,3
-29,-176,0
-29,-156,0
-29,-136,0
-29,-116,0
-29,-96,0
-29,-76,0
-29,-56,0
-29,-36,0
-29,-16,0
-29,4,0
-29,24,0
-9,24,2
11,24,2
31,24,2
51,24,2
71,24,2
91,24,2
111,24,2
131,24,2
111,24,3
91,24,3
71,24,3
51,24,3
31,24,3
11,24,3
-9,24,3
-9,4,1
-245,280,1
-245,260,1
-245,240,1
-245,220,1
-245,200,1
-245,180,1
-245,160,1
-245,140,1
-245,120,1
-245,100,1
-245,80,1
-245,60,1
-245,40,1
-245,20,1
-245,0,1
-245,-20,1
-245,-40,1
-225,-40,2
-205,-40,2
-185,-40,2
-165,-40,2
-145,-40,2
-125,-40,2
-105,-40,2
-85,-40,2
-65,-40,2
-45,-40,2
-25,-40,2
-5,-40,2
-5,-20,0
98,65,3
78,65,3
58,65,3
38,65,3
18,65,3
-2,65,3
-22,65,3
-42,65,3
-22,65,2
-2,65,2
18,65,2
18,45,1
18,25,1
18,5,1
94,-274,3
74,-274,3
54,-274,3
34,-274,3
14,-274,3
14,-254,0
14,-234,0
14,-214,0
14,-194,0
14,-174,0
14,-154,0
14,-134,0
14,-114,0
14,-94,0
14,-74,0
14,-54,0
14,-34,0
14,-14,0
142,185,3
122,185,3
102,185,3
82,185,3
62,185,3
42,185,3
22,185,3
2,185,3
-18,185,3
-18,165,1
-18,145,1
-18,125,1
-18,105,1
-18,85,1
-18,65,1
-18,45,1
-18,25,1
-18,5,1
64,37,1
64,17,1
64,-3,1
64,-23,1
44,-23,3
24,-23,3
4,-23,3
-68,-141,2
-48,-141,2
-28,-141,2
-8,-141,2
12,-141,2
12,-121,0
12,-101,0
12,-81,0
12,-61,0
12,-41,0
12,-21,0
-245,-59,0
-245,-39,0
-245,-19,0
-245,1,0
-225,1,2
-205,1,2
-185,1,2
-165,1,2
-145,1,2
-125,1,2
-105,1,2
-85,1,2
-65,1,2
-45,1,2
-25,1,2
-5,1,2
274,171,2
294,171,2
314,171,2
294,171,3
274,171,3
254,171,3
234,171,3
214,171,3
194,171,3
174,171,3
154,171,3
134,171,3
114,171,3
94,171,3
74,171,3
54,171,3
34,171,3
14,171,3
-6,171,3
-6,151,1
-6,131,1
-6,111,1
-6,91,1
-6,71,1
-6,51,1
-6,31,1
-6,11,1
30,-266,1
30,-286,1
30,-306,1
30,-326,1
30,-346,1
30,-366,1
10,-366,3
-10,-366,3
-10,-346,0
-10,-326,0
-10,-306,0
-10,-286,0
-10,-266,0
-10,-246,0
-10,-226,0
-10,-206,0
-10,-186,0
-10,-166,0
-10,-146,0
-10,-126,0
-10,-106,0
-10,-86,0
-10,-66,0
-10,-46,0
-10,-26,0
-10,-6,0
-396,82,0
-396,102,0
-376,102,2
-356,102,2
-336,102,2
-316,102,2
-296,102,2
-276,102,2
-256,102,2
-236,102,2
-216,102,2
-196,102,2
-176,102,2
-156,102,2
-136,102,2
-116,102,2
-96,102,2
-76,102,2
-56,102,2
-36,102,2
-16,102,2
-16,82,1
-16,62,1
-16,42,1
-16,22,1
-16,2,1
466,202,1
466,182,1
466,162,1
466,142,1
466,122,1
466,102,1
446,102,3
426,102,3
406,102,3
386,102,3
366,102,3
346,102,3
326,102,3
306,102,3
286,102,3
266,102,3
246,102,3
226,102,3
206,102,3
186,102,3
166,102,3
146,102,3
126,102,3
106,102,3
86,102,3
66,102,3
46,102,3
26,102,3
26,82,1
26,62,1
26,42,1
26,22,1
6,22,3
-343,46,3
-323,46,2
-303,46,2
-283,46,2
-263,46,2
-243,46,2
-223,46,2
-203,46,2
-183,46,2
-163,46,2
-143,46,2
-123,46,2
-103,46,2
-83,46,2
-63,46,2
-43,46,2
-23,46,2
-3,46,2
-3,26,1
-3,6,1
-12,-319,1
-12,-339,1
-12,-359,1
-32,-359,3
-32,-339,0
-32,-319,0
-32,-299,0
-32,-279,0
-32,-259,0
-32,-239,0
-32,-219,0
-32,-199,0
-32,-179,0
-32,-159,0
-32,-139,0
-32,-119,0
-32,-99,0
-32,-79,0
-32,-59,0
-32,-39,0
-32,-19,0
-32,1,0
-12,1,2
346,278,2
366,278,2
386,278,2
406,278,2
426,278,2
446,278,2
426,278,3
406,278,3
386,278,3
366,278,3
346,278,3
326,278,3
306,278,3
286,278,3
266,278,3
246,278,3
226,278,3
206,278,3
186,278,3
166,278,3
146,278,3
126,278,3
106,278,3
86,278,3
66,278,3
46,278,3
26,278,3
6,278,3
6,258,1
6,238,1
6,218,1
6,198,1
6,178,1
6,158,1
6,138,1
6,118,1
6,98,1
6,78,1
6,58,1
6,38,1
6,18,1
-41,-194,1
-41,-214,1
-41,-234,1
-41,-254,1
-21,-254,2
-1,-254,2
19,-254,2
39,-254,2
19,-254,3
-1,-254,3
-1,-234,0
-1,-214,0
-1,-194,0
-1,-174,0
-1,-154,0
-1,-134,0
-1,-114,0
-1,-94,0
-1,-74,0
-1,-54,0
-1,-34,0
-1,-14,0
4,21,0
-239,58,0
-239,78,0
-239,98,0
-239,118,0
-219,118,2
-199,118,2
-179,118,2
-159,118,2
-139,118,2
-119,118,2
-99,118,2
-79,118,2
-59,118,2
-39,118,2
-19,118,2
-19,98,1
-19,78,1
-19,58,1
-19,38,1
-19,18,1
-19,-2,1
-90,163,1
-90,143,1
-90,123,1
-90,103,1
-90,83,1
-70,83,2
-50,83,2
-30,83,2
-10,83,2
10,83,2
30,83,2
30,63,1
30,43,1
30,23,1
10,23,3
-10,23,3
-30,23,3
-50,23,3
-30,23,2
-10,23,2
10,23,2
10,3,1
133,-392,1
133,-412,1
113,-412,3
93,-412,3
73,-412,3
53,-412,3
33,-412,3
13,-412,3
-7,-412,3
-7,-392,0
-7,-372,0
-7,-352,0
-7,-332,0
-7,-312,0
-7,-292,0
-7,-272,0
-7,-252,0
-7,-232,0
-7,-212,0
-7,-192,0
-7,-172,0
-7,-152,0
-7,-132,0
-7,-112,0
-7,-92,0
-7,-72,0
-7,-52,0
-7,-32,0
-7,-12,0
-217,335,0
-217,355,0
-197,355,2
-177,355,2
-157,355,2
-137,355,2
-117,355,2
-97,355,2
-77,355,2
-57,355,2
-37,355,2
-17,355,2
-17,335,1
-17,315,1
-17,295,1
-17,275,1
-17,255,1
-17,235,1
-17,215,1
-17,195,1
-17,175,1
-17,155,1
-17,135,1
-17,115,1
-17,95,1
-17,75,1
-17,55,1
-17,35,1
-17,15,1
50,-6,1
30,-6,3
10,-6,3
251,-125,3
231,-125,3
211,-125,3
191,-125,3
171,-125,3
151,-125,3
131,-125,3
111,-125,3
91,-125,3
71,-125,3
51,-125,3
31,-125,3
11,-125,3
11,-105,0
11,-85,0
11,-65,0
11,-45,0
11,-25,0
11,-5,0
39,28,0
39,48,0
39,68,0
39,88,0
39,108,0
39,128,0
19,128,3
-1,128,3
-1,108,1
-1,88,1
-1,68,1
-1,48,1
-1,28,1
-1,8,1
-189,80,1
-189,60,1
-189,40,1
-189,20,1
-189,0,1
-189,-20,1
-169,-20,2
-149,-20,2
-129,-20,2
-109,-20,2
-89,-20,2
-69,-20,2
-49,-20,2
-29,-20,2
-9,-20,2
266,-133,2
286,-133,2
306,-133,2
326,-133,2
306,-133,3
286,-133,3
266,-133,3
246,-133,3
226,-133,3
206,-133,3
186,-133,3
166,-133,3
146,-133,3
126,-133,3
106,-133,3
86,-133,3
66,-133,3
46,-133,3
26,-133,3
6,-133,3
-14,-133,3
-14,-113,0
-14,-93,0
-14,-73,0
-14,-53,0
-14,-33,0
-14,-13,0
-79,-214,0
-79,-194,0
-79,-174,0
-79,-154,0
-79,-134,0
-79,-114,0
-79,-94,0
-79,-74,0
-59,-74,2
-39,-74,2
-19,-74,2
1,-74,2
21,-74,2
21,-54,0
21,-34,0
21,-14,0
21,6,0
-266,334,3
-286,334,3
-306,334,3
-326,334,3
-306,334,2
-286,334,2
-266,334,2
-246,334,2
-226,334,2
-206,334,2
-186,334,2
-166,334,2
-146,334,2
-126,334,2
-106,334,2
-86,334,2
-66,334,2
-46,334,2
-26,334,2
-6,334,2
14,334,2
14,314,1
14,294,1
14,274,1
14,254,1
14,234,1
14,214,1
14,194,1
14,174,1
14,154,1
14,134,1
14,114,1
14,94,1
14,74,1
14,54,1
14,34,1
14,14,1
7,148,1
7,128,1
7,108,1
-13,108,3
-33,108,3
-53,108,3
-73,108,3
-73,88,1
-73,68,1
-73,48,1
-73,28,1
-73,8,1
-73,-12,1
-73,-32,1
-53,-32,2
-33,-32,2
-13,-32,2
7,-32,2
27,-32,2
47,-32,2
67,-32,2
87,-32,2
67,-32,3
47,-32,3
27,-32,3
7,-32,3
7,-12,0
233,-16,0
233,4,0
233,24,0
213,24,3
193,24,3
173,24,3
153,24,3
133,24,3
113,24,3
93,24,3
73,24,3
53,24,3
33,24,3
13,24,3
-7,24,3
-27,24,3
-27,4,1
-27,-16,1
-7,-16,2
-81,-417,2
-61,-417,2
-41,-417,2
-21,-417,2
-1,-417,2
19,-417,2
39,-417,2
59,-417,2
79,-417,2
59,-417,3
39,-417,3
19,-417,3
-1,-417,3
-21,-417,3
-21,-397,0
-21,-377,0
-21,-357,0
-21,-337,0
-21,-317,0
-21,-297,0
-21,-277,0
-21,-257,0
-21,-237,0
-21,-217,0
-21,-197,0
-21,-177,0
-21,-157,0
-21,-137,0
-21,-117,0
-21,-97,0
-21,-77,0
-21,-57,0
-21,-37,0
-21,-17,0
-21,3,0
162,178,0
182,178,2
202,178,2
222,178,2
242,178,2
262,178,2
282,178,2
302,178,2
322,178,2
342,178,2
322,178,3
302,178,3
282,178,3
262,178,3
242,178,3
222,178,3
202,178,3
182,178,3
162,178,3
142,178,3
122,178,3
102,178,3
82,178,3
62,178,3
42,178,3
22,178,3
2,178,3
-18,178,3
-38,178,3
-38,158,1
-38,138,1
-38,118,1
-38,98,1
-38,78,1
-38,58,1
-38,38,1
-38,18,1
-38,-2,1
-18,-2,2
-154,116,2
-134,116,2
-114,116,2
-94,116,2
-74,116,2
-54,116,2
-34,116,2
-14,116,2
6,116,2
26,116,2
26,96,1
26,76,1
26,56,1
26,36,1
26,16,1
26,-4,1
26,-24,1
26,-44,1
6,-44,3
6,-24,0
-151,60,0
-151,80,0
-151,100,0
-151,120,0
-151,140,0
-131,140,2
-111,140,2
-91,140,2
-71,140,2
-51,140,2
-31,140,2
-11,140,2
-11,120,1
-11,100,1
-11,80,1
-11,60,1
-11,40,1
-11,20,1
211,87,1
211,67,1
211,47,1
211,27,1
191,27,3
171,27,3
151,27,3
131,27,3
111,27,3
91,27,3
71,27,3
51,27,3
31,27,3
11,27,3
-9,27,3
-29,27,3
-29,7,1
-29,-13,1
-29,-33,1
-9,-33,2
11,-33,2
31,-33,2
11,-33,3
-9,-33,3
-9,-13,0
-353,-288,0
-353,-268,0
-353,-248,0
-353,-228,0
-353,-208,0
-353,-188,0
-353,-168,0
-353,-148,0
-353,-128,0
-353,-108,0
-353,-88,0
-353,-68,0
-353,-48,0
-353,-28,0
-353,-8,0
-333,-8,2
-313,-8,2
-293,-8,2
-273,-8,2
-253,-8,2
-233,-8,2
-213,-8,2
-193,-8,2
-173,-8,2
-153,-8,2
-133,-8,2
-113,-8,2
-93,-8,2
-73,-8,2
-53,-8,2
-33,-8,2
-13,-8,2
406,-19,2
426,-19,2
406,-19,3
386,-19,3
366,-19,3
346,-19,3
326,-19,3
306,-19,3
286,-19,3
266,-19,3
246,-19,3
226,-19,3
206,-19,3
186,-19,3
166,-19,3
146,-19,3
126,-19,3
106,-19,3
86,-19,3
66,-19,3
46,-19,3
26,-19,3
6,-19,3
-391,-103,3
-391,-83,0
-391,-63,0
-391,-43,0
-391,-23,0
-391,-3,0
-391,17,0
-371,17,2
-351,17,2
-331,17,2
-311,17,2
-291,17,2
-271,17,2
-251,17,2
-231,17,2
-211,17,2
-191,17,2
-171,17,2
-151,17,2
-131,17,2
-111,17,2
-91,17,2
-71,17,2
-51,17,2
-31,17,2
-11,17,2
110,260,2
110,240,1
110,220,1
110,200,1
110,180,1
110,160,1
110,140,1
110,120,1
110,100,1
110,80,1
110,60,1
110,40,1
110,20,1
110,0,1
90,0,3
70,0,3
50,0,3
30,0,3
10,0,3
250,-131,3
230,-131,3
210,-131,3
190,-131,3
170,-131,3
150,-131,3
130,-131,3
110,-131,3
90,-131,3
70,-131,3
50,-131,3
30,-131,3
10,-131,3
-10,-131,3
-30,-131,3
-30,-111,0
-30,-91,0
-30,-71,0
-30,-51,0
-30,-31,0
-30,-11,0
-30,9,0
-10,9,2
-144,-173,2
-124,-173,2
-104,-173,2
-84,-173,2
-64,-173,2
-44,-173,2
-24,-173,2
-4,-173,2
16,-173,2
36,-173,2
56,-173,2
36,-173,3
16,-173,3
-4,-173,3
-24,-173,3
-24,-153,0
-24,-133,0
-24,-113,0
-24,-93,0
-24,-73,0
-24,-53,0
-24,-33,0
-24,-13,0
-24,7,0
-24,27,0
-4,27,2
16,27,2
36,27,2
56,27,2
76,27,2
96,27,2
116,27,2
96,27,3
76,27,3
56,27,3
36,27,3
16,27,3
16,7,1
113,259,1
93,259,3
73,259,3
53,259,3
33,259,3
13,259,3
-7,259,3
-7,239,1
-7,219,1
-7,199,1
-7,179,1
-7,159,1
-7,139,1
-7,119,1
-7,99,1
-7,79,1
-7,59,1
-7,39,1
-7,19,1
101,-2,1
101,-22,1
101,-42,1
101,-62,1
101,-82,1
101,-102,1
81,-102,3
61,-102,3
41,-102,3
21,-102,3
1,-102,3
1,-82,0
1,-62,0
1,-42,0
1,-22,0
-55,95,0
-55,115,0
-55,135,0
-55,155,0
-35,155,2
-15,155,2
5,155,2
25,155,2
25,135,1
25,115,1
25,95,1
25,75,1
25,55,1
25,35,1
25,15,1
25,-5,1
5,-5,3
-93,-155,3
-73,-155,2
-53,-155,2
-33,-155,2
-13,-155,2
7,-155,2
7,-135,0
7,-115,0
7,-95,0
7,-75,0
7,-55,0
7,-35,0
7,-15,0
-245,12,0
-245,32,0
-245,52,0
-245,72,0
-225,72,2
-205,72,2
-185,72,2
-165,72,2
-145,72,2
-125,72,2
-105,72,2
-85,72,2
-65,72,2
-45,72,2
-25,72,2
-5,72,2
15,72,2
15,52,1
15,32,1
15,12,1
224,183,1
224,163,1
224,143,1
224,123,1
224,103,1
204,103,3
184,103,3
164,103,3
144,103,3
124,103,3
104,103,3
84,103,3
64,103,3
44,103,3
24,103,3
4,103,3
4,83,1
4,63,1
4,43,1
4,23,1
-230,-293,1
-230,-313,1
-230,-333,1
-210,-333,2
-190,-333,2
-170,-333,2
-150,-333,2
-130,-333,2
-110,-333,2
-90,-333,2
-70,-333,2
-50,-333,2
-30,-333,2
-10,-333,2
10,-333,2
10,-313,0
10,-293,0
10,-273,0
10,-253,0
10,-233,0
10,-213,0
10,-193,0
10,-173,0
10,-153,0
10,-133,0
10,-113,0
10,-93,0
10,-73,0
10,-53,0
10,-33,0
10,-13,0
192,163,0
192,183,0
172,183,3
152,183,3
132,183,3
112,183,3
92,183,3
72,183,3
52,183,3
32,183,3
12,183,3
-8,183,3
-8,163,1
-8,143,1
-8,123,1
-8,103,1
-8,83,1
-8,63,1
-8,43,1
-8,23,1
131,137,1
131,117,1
131,97,1
131,77,1
111,77,3
91,77,3
71,77,3
51,77,3
31,77,3
11,77,3
11,57,1
11,37,1
11,17,1
2,-104,1
2,-124,1
2,-144,1
2,-124,0
2,-104,0
2,-84,0
2,-64,0
2,-44,0
2,-24,0
94,-182,3
74,-182,3
54,-182,3
34,-182,3
14,-182,3
-6,-182,3
-6,-162,0
-6,-142,0
-6,-122,0
-6,-102,0
-6,-82,0
-6,-62,0
-6,-42,0
-6,-22,0
-138,244,0
-138,264,0
-138,284,0
-138,304,0
-138,324,0
-138,344,0
-118,344,2
-98,344,2
-78,344,2
-58,344,2
-38,344,2
-18,344,2
-18,324,1
-18,304,1
-18,284,1
-18,264,1
-18,244,1
-18,224,1
-18,204,1
-18,184,1
-18,164,1
-18,144,1
-18,124,1
-18,104,1
-18,84,1
-18,64,1
-18,44,1
-18,24,1
-18,4,1
76,-84,1
96,-84,2
116,-84,2
136,-84,2
156,-84,2
176,-84,2
196,-84,2
216,-84,2
196,-84,3
176,-84,3
156,-84,3
136,-84,3
116,-84,3
96,-84,3
76,-84,3
56,-84,3
36,-84,3
16,-84,3
-4,-84,3
-24,-84,3
-24,-64,0
-24,-44,0
-24,-24,0
-24,-4,0
-100,-117,0
-100,-97,0
-100,-77,0
-100,-57,0
-100,-37,0
-100,-17,0
-100,3,0
-80,3,2
-60,3,2
-40,3,2
-20,3,2
-1,-193,2
19,-193,2
39,-193,2
59,-193,2
79,-193,2
99,-193,2
119,-193,2
139,-193,2
159,-193,2
179,-193,2
179,-173,0
159,-173,3
139,-173,3
119,-173,3
99,-173,3
79,-173,3
59,-173,3
39,-173,3
19,-173,3
-1,-173,3
-1,-153,0
-1,-133,0
-1,-113,0
-1,-93,0
-1,-73,0
-1,-53,0
-1,-33,0
-1,-13,0
-247,318,2
-227,318,2
-207,318,2
-187,318,2
-167,318,2
-147,318,2
-127,318,2
-107,318,2
-87,318,2
-67,318,2
-47,318,2
-27,318,2
-7,318,2
13,318,2
33,318,2
33,298,1
33,278,1
33,258,1
33,238,1
33,218,1
33,198,1
33,178,1
33,158,1
33,138,1
33,118,1
33,98,1
33,78,1
33,58,1
33,38,1
33,18,1
33,-2,1
13,-2,3
198,-136,3
178,-136,3
158,-136,3
138,-136,3
118,-136,3
98,-136,3
78,-136,3
58,-136,3
38,-136,3
18,-136,3
-2,-136,3
-22,-136,3
-22,-116,0
-22,-96,0
-22,-76,0
-22,-56,0
-22,-36,0
-22,-16,0
-2,-16,2
56,52,2
76,52,2
96,52,2
116,52,2
136,52,2
156,52,2
176,52,2
196,52,2
216,52,2
196,52,3
176,52,3
156,52,3
136,52,3
116,52,3
96,52,3
76,52,3
56,52,3
36,52,3
16,52,3
-4,52,3
-4,32,1
-4,12,1
79,147,1
79,127,1
79,107,1
79,87,1
79,67,1
79,47,1
79,27,1
79,7,1
79,-13,1
79,-33,1
59,-33,3
39,-33,3
19,-33,3
-1,-33,3
-21,-33,3
-41,-33,3
-61,-33,3
-81,-33,3
-61,-33,2
-41,-33,2
-21,-33,2
-21,-13,0
-39,-440,0
-39,-420,0
-19,-420,2
1,-420,2
21,-420,2
41,-420,2
61,-420,2
41,-420,3
21,-420,3
1,-420,3
1,-400,0
1,-380,0
1,-360,0
1,-340,0
1,-320,0
1,-300,0
1,-280,0
1,-260,0
1,-240,0
1,-220,0
1,-200,0
1,-180,0
1,-160,0
1,-140,0
1,-120,0
1,-100,0
1,-80,0
1,-60,0
1,-40,0
1,-20,0
-7,172,0
-7,192,0
13,192,2
33,192,2
53,192,2
73,192,2
93,192,2
113,192,2
133,192,2
153,192,2
153,172,1
153,152,1
153,132,1
153,112,1
153,92,1
153,72,1
153,52,1
153,32,1
153,12,1
133,12,3
113,12,3
93,12,3
73,12,3
53,12,3
33,12,3
13,12,3
24,35,3
4,35,3
-16,35,3
-16,15,1
61,-135,1
61,-155,1
61,-175,1
41,-175,3
21,-175,3
1,-175,3
1,-155,0
1,-135,0
1,-115,0
1,-95,0
1,-75,0
1,-55,0
1,-35,0
1,-15,0
-292,264,0
-292,284,0
-272,284,2
-252,284,2
-232,284,2
-212,284,2
-192,284,2
-172,284,2
-152,284,2
-132,284,2
-112,284,2
-92,284,2
-72,284,2
-52,284,2
-32,284,2
-12,284,2
8,284,2
8,264,1
8,244,1
8,224,1
8,204,1
8,184,1
8,164,1
8,144,1
8,124,1
8,104,1
8,84,1
8,64,1
8,44,1
8,24,1
8,4,1
-70,125,1
-70,105,1
-70,85,1
-90,85,3
-110,85,3
-110,65,1
-110,45,1
-110,25,1
-110,5,1
-110,-15,1
-110,-35,1
-90,-35,2
-70,-35,2
-50,-35,2
-30,-35,2
-10,-35,2
10,-35,2
30,-35,2
50,-35,2
30,-35,3
10,-35,3
-10,-35,3
-10,-15,0
336,21,0
336,41,0
336,61,0
336,81,0
336,101,0
336,121,0
336,141,0
336,161,0
336,181,0
316,181,3
296,181,3
276,181,3
256,181,3
236,181,3
216,181,3
196,181,3
176,181,3
156,181,3
136,181,3
116,181,3
96,181,3
76,181,3
56,181,3
36,181,3
16,181,3
-4,181,3
-4,161,1
-4,141,1
-4,121,1
-4,101,1
-4,81,1
-4,61,1
-4,41,1
-4,21,1
-301,-111,2
-281,-111,2
-261,-111,2
-241,-111,2
-221,-111,2
-201,-111,2
-181,-111,2
-161,-111,2
-141,-111,2
-121,-111,2
-101,-111,2
-81,-111,2
-61,-111,2
-41,-111,2
-21,-111,2
-1,-111,2
19,-111,2
19,-91,0
19,-71,0
19,-51,0
19,-31,0
19,-11,0
132,-204,0
132,-184,0
132,-164,0
112,-164,3
92,-164,3
72,-164,3
52,-164,3
32,-164,3
32,-144,0
32,-124,0
32,-104,0
32,-84,0
32,-64,0
32,-44,0
32,-24,0
32,-4,0
32,16,0
12,16,3
-218,33,3
-238,33,3
-258,33,3
-278,33,3
-298,33,3
-318,33,3
-338,33,3
-318,33,2
-298,33,2
-278,33,2
-258,33,2
-238,33,2
-218,33,2
-198,33,2
-178,33,2
-158,33,2
-138,33,2
-118,33,2
-98,33,2
-78,33,2
-58,33,2
-38,33,2
-18,33,2
-18,13,1
371,62,1
371,42,1
371,22,1
371,2,1
371,-18,1
371,-38,1
371,-58,1
371,-78,1
371,-98,1
351,-98,3
331,-98,3
311,-98,3
291,-98,3
271,-98,3
251,-98,3
231,-98,3
211,-98,3
191,-98,3
171,-98,3
151,-98,3
131,-98,3
111,-98,3
91,-98,3
71,-98,3
51,-98,3
31,-98,3
11,-98,3
-9,-98,3
-9,-78,0
-9,-58,0
-9,-38,0
-9,-18,0
35,53,0
35,73,0
35,93,0
35,113,0
35,133,0
35,153,0
35,173,0
35,193,0
15,193,3
-5,193,3
-25,193,3
-25,173,1
-25,153,1
-25,133,1
-25,113,1
-25,93,1
-25,73,1
-25,53,1
-25,33,1
-25,13,1
-25,-7,1
-5,-7,2
-354,-266,2
-334,-266,2
-314,-266,2
-294,-266,2
-274,-266,2
-254,-266,2
-234,-266,2
-214,-266,2
-194,-266,2
-174,-266,2
-154,-266,2
-134,-266,2
-114,-266,2
-94,-266,2
-74,-266,2
-54,-266,2
-34,-266,2
-14,-266,2
6,-266,2
26,-266,2
26,-246,0
26,-226,0
26,-206,0
26,-186,0
26,-166,0
26,-146,0
26,-126,0
26,-106,0
26,-86,0
26,-66,0
26,-46,0
26,-26,0
26,-6,0
26,14,0
26,34,0
6,34,3
-14,34,3
-34,34,3
-54,34,3
-74,34,3
-94,34,3
-114,34,3
-134,34,3
-114,34,2
-94,34,2
-74,34,2
-54,34,2
-34,34,2
-14,34,2
-14,14,1
261,132,1
261,112,1
241,112,3
221,112,3
201,112,3
181,112,3
161,112,3
141,112,3
121,112,3
101,112,3
81,112,3
61,112,3
41,112,3
21,112,3
1,112,3
1,92,1
1,72,1
1,52,1
1,32,1
1,12,1
77,163,1
77,143,1
77,123,1
77,103,1
77,83,1
77,63,1
77,43,1
77,23,1
77,3,1
77,-17,1
57,-17,3
37,-17,3
17,-17,3
-94,-302,3
-114,-302,3
-134,-302,3
-114,-302,2
-94,-302,2
-74,-302,2
-54,-302,2
-34,-302,2
-14,-302,2
6,-302,2
26,-302,2
26,-282,0
26,-262,0
26,-242,0
26,-222,0
26,-202,0
26,-182,0
26,-162,0
26,-142,0
26,-122,0
26,-102,0
26,-82,0
26,-62,0
26,-42,0
26,-22,0
26,-2,0
6,-2,3
-243,410,3
-263,410,3
-283,410,3
-263,410,2
-243,410,2
-223,410,2
-203,410,2
-183,410,2
-163,410,2
-143,410,2
-123,410,2
-103,410,2
-83,410,2
-63,410,2
-43,410,2
-23,410,2
-23,390,1
-23,370,1
-23,350,1
-23,330,1
-23,310,1
-23,290,1
-23,270,1
-23,250,1
-23,230,1
-23,210,1
-23,190,1
-23,170,1
-23,150,1
-23,130,1
-23,110,1
-23,90,1
-23,70,1
-23,50,1
-23,30,1
-23,10,1
-23,-10,1
-3,-10,2
11,-310,2
31,-310,2
11,-310,3
-9,-310,3
-29,-310,3
-49,-310,3
-49,-290,0
-49,-270,0
-49,-250,0
-49,-230,0
-49,-210,0
-49,-190,0
-49,-170,0
-49,-150,0
-49,-130,0
-49,-110,0
-49,-90,0
-49,-70,0
-49,-50,0
-49,-30,0
-29,-30,2
-9,-30,2
11,-30,2
31,-30,2
51,-30,2
71,-30,2
51,-30,3
31,-30,3
11,-30,3
-9,-30,3
-9,-10,0
7,-66,0
7,-46,0
-13,-46,3
-33,-46,3
-53,-46,3
-73,-46,3
-53,-46,2
-33,-46,2
-13,-46,2
7,-46,2
7,-26,0
7,-6,0
80,-58,3
60,-58,3
40,-58,3
20,-58,3
0,-58,3
-20,-58,3
-40,-58,3
-40,-38,0
-40,-18,0
-40,2,0
-40,22,0
-40,42,0
-20,42,2
0,42,2
20,42,2
20,22,1
20,2,1
126,113,1
126,93,1
106,93,3
86,93,3
66,93,3
46,93,3
26,93,3
6,93,3
6,73,1
6,53,1
6,33,1
6,13,1
-116,63,1
-116,43,1
-116,23,1
-116,3,1
-116,-17,1
-116,-37,1
-116,-57,1
-96,-57,2
-76,-57,2
-56,-57,2
-36,-57,2
-16,-57,2
4,-57,2
24,-57,2
4,-57,3
-16,-57,3
-16,-37,0
-16,-17,0
7,-190,0
7,-170,0
7,-150,0
7,-130,0
7,-110,0
7,-90,0
7,-70,0
7,-50,0
7,-30,0
7,-10,0
121,232,3
101,232,3
81,232,3
61,232,3
41,232,3
21,232,3
1,232,3
-19,232,3
-39,232,3
-39,212,1
-39,192,1
-39,172,1
-39,152,1
-39,132,1
-39,112,1
-39,92,1
-39,72,1
-39,52,1
-39,32,1
-39,12,1
-19,12,2
37,-2,2
57,-2,2
77,-2,2
97,-2,2
117,-2,2
137,-2,2
157,-2,2
177,-2,2
157,-2,3
137,-2,3
117,-2,3
97,-2,3
77,-2,3
57,-2,3
37,-2,3
17,-2,3
-239,131,3
-259,131,3
-279,131,3
-259,131,2
-239,131,2
-219,131,2
-199,131,2
-179,131,2
-159,131,2
-139,131,2
-119,131,2
-99,131,2
-79,131,2
-59,131,2
-39,131,2
-19,131,2
1,131,2
21,131,2
41,131,2
41,111,1
41,91,1
41,71,1
41,51,1
41,31,1
41,11,1
41,-9,1
41,-29,1
21,-29,3
1,-29,3
1,-9,0
122,-44,0
122,-24,0
122,-4,0
122,16,0
102,16,3
82,16,3
62,16,3
42,16,3
22,16,3
2,16,3
-177,-132,2
-157,-132,2
-137,-132,2
-117,-132,2
-97,-132,2
-77,-132,2
-57,-132,2
-37,-132,2
-17,-132,2
3,-132,2
3,-112,0
3,-92,0
3,-72,0
3,-52,0
3,-32,0
3,-12,0
-70,90,0
-70,110,0
-70,130,0
-90,130,3
-110,130,3
-130,130,3
-110,130,2
-90,130,2
-70,130,2
-50,130,2
-30,130,2
-10,130,2
10,130,2
10,110,1
10,90,1
10,70,1
10,50,1
10,30,1
10,10,1
207,-113,1
207,-133,1
207,-153,1
207,-173,1
187,-173,3
167,-173,3
147,-173,3
127,-173,3
107,-173,3
87,-173,3
67,-173,3
47,-173,3
27,-173,3
27,-153,0
27,-133,0
27,-113,0
27,-93,0
27,-73,0
27,-53,0
27,-33,0
27,-13,0
7,-13,3
185,-121,3
165,-121,3
145,-121,3
125,-121,3
105,-121,3
85,-121,3
65,-121,3
45,-121,3
25,-121,3
5,-121,3
-15,-121,3
-15,-101,0
-15,-81,0
-15,-61,0
-15,-41,0
-15,-21,0
-15,-1,0
-333,104,0
-333,124,0
-333,144,0
-313,144,2
-293,144,2
-273,144,2
-253,144,2
-233,144,2
-213,144,2
-193,144,2
-173,144,2
-153,144,2
-133,144,2
-113,144,2
-93,144,2
-73,144,2
-53,144,2
-33,144,2
-33,124,1
-33,104,1
-33,84,1
-33,64,1
-33,44,1
-33,24,1
-33,4,1
-33,-16,1
-33,-36,1
-33,-56,1
-13,-56,2
7,-56,2
7,-36,0
7,-16,0
36,-48,0
16,-48,3
-4,-48,3
-24,-48,3
-44,-48,3
-64,-48,3
-84,-48,3
-104,-48,3
-84,-48,2
-64,-48,2
-44,-48,2
-24,-48,2
-4,-48,2
-4,-28,0
-24,-28,3
-44,-28,3
-64,-28,3
-84,-28,3
-104,-28,3
-124,-28,3
-104,-28,2
-84,-28,2
-64,-28,2
-44,-28,2
-24,-28,2
-24,-8,0
-24,12,0
-4,12,2
206,146,2
226,146,2
246,146,2
226,146,3
206,146,3
186,146,3
166,146,3
146,146,3
126,146,3
106,146,3
86,146,3
66,146,3
46,146,3
26,146,3
6,146,3
-14,146,3
-14,126,1
-14,106,1
-14,86,1
-14,66,1
-14,46,1
-14,26,1
-14,6,1
7,59,1
7,39,1
7,19,1
36,-130,1
36,-150,1
36,-170,1
36,-190,1
36,-210,1
36,-230,1
36,-250,1
16,-250,3
-4,-250,3
-4,-230,0
-4,-210,0
-4,-190,0
-4,-170,0
-4,-150,0
-4,-130,0
-4,-110,0
-4,-90,0
-4,-70,0
-4,-50,0
-4,-30,0
-4,-10,0
92,330,0
92,350,0
92,370,0
112,370,2
132,370,2
152,370,2
172,370,2
192,370,2
192,350,1
192,330,1
192,310,1
192,290,1
192,270,1
192,250,1
192,230,1
192,210,1
192,190,1
192,170,1
192,150,1
192,130,1
192,110,1
192,90,1
192,70,1
192,50,1
192,30,1
192,10,1
192,-10,1
172,-10,3
152,-10,3
132,-10,3
112,-10,3
92,-10,3
72,-10,3
52,-10,3
32,-10,3
12,-10,3
-271,-462,3
-291,-462,3
-311,-462,3
-291,-462,2
-271,-462,2
-251,-462,2
-231,-462,2
-211,-462,2
-191,-462,2
-171,-462,2
-151,-462,2
-131,-462,2
-111,-462,2
-91,-462,2
-71,-462,2
-51,-462,2
-31,-462,2
-11,-462,2
9,-462,2
29,-462,2
49,-462,2
49,-442,0
49,-422,0
49,-402,0
49,-382,0
49,-362,0
49,-342,0
49,-322,0
49,-302,0
49,-282,0
49,-262,0
49,-242,0
49,-222,0
49,-202,0
49,-182,0
49,-162,0
49,-142,0
49,-122,0
49,-102,0
49,-82,0
49,-62,0
49,-42,0
49,-22,0
49,-2,0
49,18,0
29,18,3
9,18,3
-14,405,3
-34,405,3
-54,405,3
-74,405,3
-94,405,3
-114,405,3
-134,405,3
-154,405,3
-174,405,3
-194,405,3
-214,405,3
-214,385,1
-214,365,1
-214,345,1
-214,325,1
-214,305,1
-214,285,1
-214,265,1
-214,245,1
-214,225,1
-214,205,1
-214,185,1
-214,165,1
-214,145,1
-214,125,1
-214,105,1
-214,85,1
-214,65,1
-214,45,1
-214,25,1
-214,5,1
-214,-15,1
-194,-15,2
-174,-15,2
-154,-15,2
-134,-15,2
-114,-15,2
-94,-15,2
-74,-15,2
-54,-15,2
-34,-15,2
-14,-15,2
224,-217,2
244,-217,2
264,-217,2
284,-217,2
304,-217,2
324,-217,2
304,-217,3
284,-217,3
264,-217,3
244,-217,3
224,-217,3
204,-217,3
184,-217,3
164,-217,3
144,-217,3
124,-217,3
104,-217,3
84,-217,3
64,-217,3
44,-217,3
24,-217,3
4,-217,3
-16,-217,3
-36,-217,3
-36,-197,0
-36,-177,0
-36,-157,0
-36,-137,0
-36,-117,0
-36,-97,0
-36,-77,0
-36,-57,0
-36,-37,0
-36,-17,0
-36,3,0
-36,23,0
-16,23,2
4,23,2
-199,192,2
-179,192,2
-159,192,2
-139,192,2
-119,192,2
-99,192,2
-79,192,2
-59,192,2
-39,192,2
-19,192,2
1,192,2
21,192,2
21,172,1
21,152,1
21,132,1
21,112,1
21,92,1
21,72,1
21,52,1
21,32,1
21,12,1
201,-282,1
201,-302,1
181,-302,3
161,-302,3
141,-302,3
121,-302,3
101,-302,3
81,-302,3
61,-302,3
41,-302,3
21,-302,3
21,-282,0
21,-262,0
21,-242,0
21,-222,0
21,-202,0
21,-182,0
21,-162,0
21,-142,0
21,-122,0
21,-102,0
21,-82,0
21,-62,0
21,-42,0
21,-22,0
21,-2,0
84,-14,0
64,-14,3
44,-14,3
24,-14,3
4,-14,3
-77,-20,3
-57,-20,2
-37,-20,2
-17,-20,2
3,-20,2
-300,260,2
-280,260,2
-260,260,2
-240,260,2
-220,260,2
-200,260,2
-180,260,2
-160,260,2
-140,260,2
-120,260,2
-100,260,2
-80,260,2
-60,260,2
-40,260,2
-20,260,2
0,260,2
0,240,1
0,220,1
0,200,1
0,180,1
0,160,1
0,140,1
0,120,1
0,100,1
0,80,1
0,60,1
0,40,1
0,20,1
410,-76,1
410,-96,1
410,-116,1
390,-116,3
370,-116,3
350,-116,3
330,-116,3
310,-116,3
290,-116,3
270,-116,3
250,-116,3
230,-116,3
210,-116,3
190,-116,3
170,-116,3
150,-116,3
130,-116,3
110,-116,3
90,-116,3
70,-116,3
50,-116,3
30,-116,3
10,-116,3
-10,-116,3
-10,-96,0
-10,-76,0
-10,-56,0
-10,-36,0
-10,-16,0
-76,-270,0
-76,-250,0
-76,-230,0
-76,-210,0
-76,-190,0
-76,-170,0
-76,-150,0
-76,-130,0
-56,-130,2
-36,-130,2
-36,-110,0
-36,-90,0
-36,-70,0
-36,-50,0
-36,-30,0
-36,-10,0
-36,10,0
-36,30,0
-36,50,0
-16,50,2
4,50,2
24,50,2
44,50,2
64,50,2
84,50,2
104,50,2
84,50,3
64,50,3
44,50,3
24,50,3
4,50,3
-16,50,3
-36,50,3
-36,30,1
-36,10,1
-36,-10,1
-36,-30,1
-36,-50,1
-36,-70,1
-36,-90,1
-36,-110,1
-36,-130,1
-16,-130,2
-16,-110,0
-16,-90,0
-16,-70,0
-16,-50,0
-16,-30,0
-16,-10,0
-310,466,2
-290,466,2
-270,466,2
-250,466,2
-230,466,2
-210,466,2
-190,466,2
-170,466,2
-150,466,2
-130,466,2
-110,466,2
-90,466,2
-70,466,2
-50,466,2
-30,466,2
-10,466,2
-10,446,1
-10,426,1
-10,406,1
-10,386,1
-10,366,1
-10,346,1
-10,326,1
-10,306,1
-10,286,1
-10,266,1
-10,246,1
-10,226,1
-10,206,1
-10,186,1
-10,166,1
-10,146,1
-10,126,1
-10,106,1
-10,86,1
-10,66,1
-10,46,1
-10,26,1
-10,6,1
120,-433,1
120,-453,1
100,-453,3
80,-453,3
60,-453,3
40,-453,3
20,-453,3
0,-453,3
-20,-453,3
-40,-453,3
-40,-433,0
-40,-413,0
-40,-393,0
-40,-373,0
-40,-353,0
-40,-333,0
-40,-313,0
-40,-293,0
-40,-273,0
-40,-253,0
-40,-233,0
-40,-213,0
-40,-193,0
-40,-173,0
-40,-153,0
-40,-133,0
-40,-113,0
-40,-93,0
-40,-73,0
-40,-53,0
-40,-33,0
-40,-13,0
-20,-13,2
172,297,2
192,297,2
212,297,2
232,297,2
252,297,2
272,297,2
292,297,2
312,297,2
292,297,3
272,297,3
252,297,3
232,297,3
212,297,3
192,297,3
172,297,3
152,297,3
132,297,3
112,297,3
92,297,3
72,297,3
52,297,3
32,297,3
12,297,3
-8,297,3
-8,277,1
-8,257,1
-8,237,1
-8,217,1
-8,197,1
-8,177,1
-8,157,1
-8,137,1
-8,117,1
-8,97,1
-8,77,1
-8,57,1
-8,37,1
-8,17,1
-138,-18,1
-138,-38,1
-138,-58,1
-138,-78,1
-138,-98,1
-138,-118,1
-118,-118,2
-98,-118,2
-78,-118,2
-58,-118,2
-38,-118,2
-18,-118,2
2,-118,2
2,-98,0
2,-78,0
2,-58,0
2,-38,0
2,-18,0
29,74,0
29,94,0
29,114,0
29,134,0
29,154,0
29,174,0
29,194,0
29,214,0
29,234,0
9,234,3
-11,234,3
-11,214,1
-11,194,1
-11,174,1
-11,154,1
-11,134,1
-11,114,1
-11,94,1
-11,74,1
-11,54,1
-11,34,1
-11,14,1
-248,-283,1
-248,-303,1
-248,-323,1
-228,-323,2
-208,-323,2
-188,-323,2
-168,-323,2
-148,-323,2
-128,-323,2
-108,-323,2
-88,-323,2
-68,-323,2
-48,-323,2
-28,-323,2
-8,-323,2
12,-323,2
12,-303,0
12,-283,0
12,-263,0
12,-243,0
12,-223,0
12,-203,0
12,-183,0
12,-163,0
12,-143,0
12,-123,0
12,-103,0
12,-83,0
12,-63,0
12,-43,0
12,-23,0
12,-3,0
84,143,0
84,163,0
64,163,3
44,163,3
24,163,3
4,163,3
-16,163,3
-36,163,3
-56,163,3
-56,143,1
-56,123,1
-56,103,1
-56,83,1
-56,63,1
-56,43,1
-56,23,1
-36,23,2
-16,23,2
4,23,2
225,33,2
245,33,2
265,33,2
245,33,3
225,33,3
205,33,3
185,33,3
165,33,3
145,33,3
125,33,3
105,33,3
85,33,3
65,33,3
45,33,3
25,33,3
5,33,3
5,13,1
-271,-208,1
-251,-208,2
-231,-208,2
-211,-208,2
-191,-208,2
-171,-208,2
-151,-208,2
-131,-208,2
-111,-208,2
-91,-208,2
-71,-208,2
-51,-208,2
-31,-208,2
-11,-208,2
9,-208,2
29,-208,2
29,-188,0
29,-168,0
29,-148,0
29,-128,0
29,-108,0
29,-88,0
29,-68,0
29,-48,0
29,-28,0
29,-8,0
29,12,0
29,32,0
9,32,3
-11,32,3
-31,32,3
-51,32,3
-71,32,3
-91,32,3
-111,32,3
-91,32,2
-71,32,2
-51,32,2
-31,32,2
-11,32,2
-11,12,1
-6,228,1
-6,208,1
-6,188,1
-26,188,3
-46,188,3
-46,168,1
-46,148,1
-46,128,1
-46,108,1
-46,88,1
-46,68,1
-46,48,1
-46,28,1
-26,28,2
-6,28,2
14,28,2
14,8,1
20,-170,1
20,-190,1
20,-210,1
20,-190,0
20,-170,0
20,-150,0
20,-130,0
20,-110,0
20,-90,0
20,-70,0
20,-50,0
20,-30,0
20,-10,0
266,41,0
266,61,0
246,61,3
226,61,3
206,61,3
186,61,3
166,61,3
146,61,3
126,61,3
106,61,3
86,61,3
66,61,3
46,61,3
26,61,3
26,41,1
26,21,1
26,1,1
26,-19,1
6,-19,3
73,143,3
53,143,3
33,143,3
13,143,3
-7,143,3
-7,123,1
-7,103,1
-7,83,1
-7,63,1
-7,43,1
-7,23,1
-241,-59,1
-241,-79,1
-241,-99,1
-241,-119,1
-241,-139,1
-221,-139,2
-201,-139,2
-181,-139,2
-161,-139,2
-141,-139,2
-121,-139,2
-101,-139,2
-81,-139,2
-61,-139,2
-41,-139,2
-21,-139,2
-1,-139,2
19,-139,2
39,-139,2
39,-119,0
39,-99,0
39,-79,0
39,-59,0
39,-39,0
39,-19,0
39,1,0
39,21,0
19,21,3
-1,21,3
-158,186,3
-178,186,3
-158,186,2
-138,186,2
-118,186,2
-98,186,2
-78,186,2
-58,186,2
-38,186,2
-18,186,2
2,186,2
2,166,1
2,146,1
2,126,1
2,106,1
2,86,1
2,66,1
2,46,1
2,26,1
2,6,1
288,-407,1
268,-407,3
248,-407,3
228,-407,3
208,-407,3
188,-407,3
168,-407,3
148,-407,3
128,-407,3
108,-407,3
88,-407,3
68,-407,3
48,-407,3
28,-407,3
8,-407,3
8,-387,0
8,-367,0
8,-347,0
8,-327,0
8,-307,0
8,-287,0
8,-267,0
8,-247,0
8,-227,0
8,-207,0
8,-187,0
8,-167,0
8,-147,0
8,-127,0
8,-107,0
8,-87,0
8,-67,0
8,-47,0
8,-27,0
8,-7,0
-301,318,0
-301,338,0
-301,358,0
-281,358,2
-261,358,2
-241,358,2
-221,358,2
-201,358,2
-181,358,2
-161,358,2
-141,358,2
-121,358,2
-101,358,2
-81,358,2
-61,358,2
-41,358,2
-21,358,2
-1,358,2
19,358,2
39,358,2
39,338,1
39,318,1
39,298,1
39,278,1
39,258,1
39,238,1
39,218,1
39,198,1
39,178,1
39,158,1
39,138,1
39,118,1
39,98,1
39,78,1
39,58,1
39,38,1
39,18,1
39,-2,1
19,-2,3
391,-275,3
371,-275,3
351,-275,3
331,-275,3
311,-275,3
291,-275,3
271,-275,3
251,-275,3
231,-275,3
211,-275,3
191,-275,3
171,-275,3
151,-275,3
131,-275,3
111,-275,3
91,-275,3
71,-275,3
51,-275,3
31,-275,3
11,-275,3
-9,-275,3
-29,-275,3
-29,-255,0
-29,-235,0
-29,-215,0
-29,-195,0
-29,-175,0
-29,-155,0
-29,-135,0
-29,-115,0
-29,-95,0
-29,-75,0
-29,-55,0
-29,-35,0
-29,-15,0
-29,5,0
-29,25,0
-29,45,0
-9,45,2
11,45,2
31,45,2
51,45,2
71,45,2
91,45,2
71,45,3
51,45,3
31,45,3
11,45,3
-9,45,3
-29,45,3
-29,25,1
-29,5,1
-29,-15,1
-29,-35,1
-29,-55,1
-29,-75,1
-29,-95,1
-9,-95,2
11,-95,2
31,-95,2
11,-95,3
-9,-95,3
-9,-75,0
-9,-55,0
-9,-35,0
-9,-15,0
-138,114,0
-138,134,0
-118,134,2
-98,134,2
-78,134,2
-58,134,2
-38,134,2
-18,134,2
-18,114,1
-18,94,1
-18,74,1
-18,54,1
-18,34,1
-18,14,1
-72,20,1
-72,0,1
-52,0,2
-32,0,2
-12,0,2
-133,-248,2
-113,-248,2
-93,-248,2
-73,-248,2
-53,-248,2
-33,-248,2
-13,-248,2
7,-248,2
27,-248,2
27,-228,0
27,-208,0
27,-188,0
27,-168,0
27,-148,0
27,-128,0
27,-108,0
27,-88,0
27,-68,0
27,-48,0
27,-28,0
27,-8,0
27,12,0
7,12,3
-52,74,3
-72,74,3
-92,74,3
-112,74,3
-132,74,3
-152,74,3
-172,74,3
-192,74,3
-212,74,3
-192,74,2
-172,74,2
-152,74,2
-132,74,2
-112,74,2
-92,74,2
-72,74,2
-52,74,2
-32,74,2
-12,74,2
8,74,2
8,54,1
8,34,1
8,14,1
404,317,1
404,297,1
404,277,1
404,257,1
404,237,1
404,217,1
404,197,1
404,177,1
404,157,1
404,137,1
404,117,1
404,97,1
404,77,1
404,57,1
404,37,1
404,17,1
404,-3,1
404,-23,1
384,-23,3
364,-23,3
344,-23,3
324,-23,3
304,-23,3
284,-23,3
264,-23,3
244,-23,3
224,-23,3
204,-23,3
184,-23,3
164,-23,3
144,-23,3
124,-23,3
104,-23,3
84,-23,3
64,-23,3
44,-23,3
24,-23,3
4,-23,3
-374,-294,3
-374,-274,0
-374,-254,0
-374,-234,0
-374,-214,0
-374,-194,0
-374,-174,0
-374,-154,0
-374,-134,0
-374,-114,0
-374,-94,0
-374,-74,0
-374,-54,0
-374,-34,0
-374,-14,0
-374,6,0
-374,26,0
-354,26,2
-334,26,2
-314,26,2
-294,26,2
-274,26,2
-254,26,2
-234,26,2
-214,26,2
-194,26,2
-174,26,2
-154,26,2
-134,26,2
-114,26,2
-94,26,2
-74,26,2
-54,26,2
-34,26,2
-14,26,2
6,26,2
26,26,2
26,6,1
26,-14,1
26,-34,1
26,-54,1
26,-74,1
26,-94,1
26,-114,1
26,-94,0
26,-74,0
26,-54,0
26,-34,0
6,-34,3
-14,-34,3
-34,-34,3
-54,-34,3
-34,-34,2
-14,-34,2
-14,-14,0
-86,250,0
-106,250,3
-126,250,3
-146,250,3
-126,250,2
-106,250,2
-86,250,2
-66,250,2
-46,250,2
-26,250,2
-6,250,2
-6,230,1
-6,210,1
-6,190,1
-6,170,1
-6,150,1
-6,130,1
-6,110,1
-6,90,1
-6,70,1
-6,50,1
-6,30,1
-6,10,1
72,-270,1
72,-290,1
52,-290,3
32,-290,3
12,-290,3
-8,-290,3
-28,-290,3
-28,-270,0
-28,-250,0
-28,-230,0
-28,-210,0
-28,-190,0
-28,-170,0
-28,-150,0
-28,-130,0
-28,-110,0
-28,-90,0
-28,-70,0
-28,-50,0
-28,-30,0
-28,-10,0
-8,-10,2
280,300,2
300,300,2
320,300,2
300,300,3
280,300,3
260,300,3
240,300,3
220,300,3
200,300,3
180,300,3
160,300,3
140,300,3
120,300,3
100,300,3
80,300,3
60,300,3
40,300,3
20,300,3
0,300,3
0,280,1
0,260,1
0,240,1
0,220,1
0,200,1
0,180,1
0,160,1
0,140,1
0,120,1
0,100,1
0,80,1
0,60,1
0,40,1
0,20,1
44,-319,1
44,-339,1
44,-359,1
64,-359,2
84,-359,2
104,-359,2
84,-359,3
64,-359,3
44,-359,3
24,-359,3
4,-359,3
-16,-359,3
-16,-339,0
-16,-319,0
-16,-299,0
-16,-279,0
-16,-259,0
-16,-239,0
-16,-219,0
-16,-199,0
-16,-179,0
-16,-159,0
-16,-139,0
-16,-119,0
-16,-99,0
-16,-79,0
-16,-59,0
-16,-39,0
-16,-19,0
-42,110,0
-22,110,2
-2,110,2
18,110,2
38,110,2
58,110,2
78,110,2
98,110,2
118,110,2
138,110,2
158,110,2
158,90,1
158,70,1
158,50,1
158,30,1
158,10,1
158,-10,1
138,-10,3
118,-10,3
98,-10,3
78,-10,3
58,-10,3
38,-10,3
18,-10,3
-113,43,3
-133,43,3
-153,43,3
-153,23,1
-153,3,1
-153,-17,1
-153,-37,1
-133,-37,2
-113,-37,2
-93,-37,2
-73,-37,2
-53,-37,2
-33,-37,2
-13,-37,2
7,-37,2
27,-37,2
47,-37,2
67,-37,2
47,-37,3
27,-37,3
7,-37,3
7,-17,0
150,-177,0
150,-157,0
130,-157,3
110,-157,3
90,-157,3
70,-157,3
50,-157,3
30,-157,3
10,-157,3
-10,-157,3
-10,-137,0
-10,-117,0
-10,-97,0
-10,-77,0
-10,-57,0
-10,-37,0
-10,-17,0
-173,328,0
-173,348,0
-153,348,2
-133,348,2
-113,348,2
-93,348,2
-73,348,2
-53,348,2
-33,348,2
-13,348,2
7,348,2
7,328,1
7,308,1
7,288,1
7,268,1
7,248,1
7,228,1
7,208,1
7,188,1
7,168,1
7,148,1
7,128,1
7,108,1
7,88,1
7,68,1
7,48,1
7,28,1
7,8,1
-183,-239,1
-183,-259,1
-183,-279,1
-163,-279,2
-143,-279,2
-123,-279,2
-103,-279,2
-83,-279,2
-63,-279,2
-43,-279,2
-23,-279,2
-3,-279,2
17,-279,2
17,-259,0
17,-239,0
17,-219,0
17,-199,0
17,-179,0
17,-159,0
17,-139,0
17,-119,0
17,-99,0
17,-79,0
17,-59,0
17,-39,0
17,-19,0
17,1,0
34,179,0
34,199,0
14,199,3
-6,199,3
-26,199,3
-46,199,3
-66,199,3
-86,199,3
-106,199,3
-106,179,1
-106,159,1
-106,139,1
-106,119,1
-106,99,1
-106,79,1
-106,59,1
-106,39,1
-86,39,2
-66,39,2
-46,39,2
-26,39,2
-6,39,2
14,39,2
34,39,2
34,19,1
34,-1,1
14,-1,3
53,-153,3
33,-153,3
13,-153,3
-7,-153,3
-27,-153,3
-47,-153,3
-67,-153,3
-47,-153,2
-27,-153,2
-7,-153,2
-7,-133,0
-7,-113,0
-7,-93,0
-7,-73,0
-7,-53,0
-7,-33,0
-7,-13,0
61,41,0
61,61,0
41,61,3
21,61,3
1,61,3
-19,61,3
-39,61,3
-39,41,1
-39,21,1
-19,21,2
1,21,2
139,-38,2
119,-38,3
99,-38,3
79,-38,3
59,-38,3
39,-38,3
39,-18,0
39,2,0
39,22,0
39,42,0
19,42,3
-1,42,3
-21,42,3
-21,22,1
-21,2,1
-89,-138,2
-69,-138,2
-49,-138,2
-29,-138,2
-9,-138,2
11,-138,2
31,-138,2
11,-138,3
-9,-138,3
-29,-138,3
-9,-138,2
11,-138,2
11,-118,0
11,-98,0
11,-78,0
11,-58,0
11,-38,0
11,-18,0
125,153,0
125,173,0
105,173,3
85,173,3
65,173,3
45,173,3
25,173,3
5,173,3
-15,173,3
-15,153,1
-15,133,1
-15,113,1
-15,93,1
-15,73,1
-15,53,1
-15,33,1
-15,13,1
83,-56,3
63,-56,3
43,-56,3
23,-56,3
3,-56,3
3,-36,0
3,-16,0
-244,-17,0
-244,3,0
-224,3,2
-204,3,2
-184,3,2
-164,3,2
-144,3,2
-124,3,2
-104,3,2
-84,3,2
-64,3,2
-44,3,2
-24,3,2
139,110,2
159,110,2
179,110,2
199,110,2
219,110,2
239,110,2
259,110,2
259,90,1
259,70,1
259,50,1
259,30,1
259,10,1
259,-10,1
259,-30,1
239,-30,3
219,-30,3
199,-30,3
179,-30,3
159,-30,3
139,-30,3
119,-30,3
99,-30,3
79,-30,3
59,-30,3
39,-30,3
19,-30,3
-1,-30,3
-21,-30,3
-1,-30,2
19,-30,2
39,-30,2
39,-10,0
39,10,0
19,10,3
111,132,3
91,132,3
91,112,1
91,92,1
91,72,1
91,52,1
91,32,1
91,12,1
71,12,3
51,12,3
31,12,3
11,12,3
-210,106,3
-190,106,2
-170,106,2
-150,106,2
-130,106,2
-110,106,2
-90,106,2
-70,106,2
-50,106,2
-30,106,2
-10,106,2
10,106,2
30,106,2
30,86,1
30,66,1
30,46,1
30,26,1
30,6,1
30,-14,1
30,-34,1
30,-54,1
10,-54,3
-10,-54,3
-10,-34,0
-10,-14,0
-119,-14,0
-119,6,0
-119,26,0
-99,26,2
-79,26,2
-59,26,2
-39,26,2
-19,26,2
1,26,2
1,6,1
91,65,1
91,45,1
71,45,3
51,45,3
31,45,3
11,45,3
-9,45,3
-9,25,1
-9,5,1
24,-70,3
4,-70,3
-16,-70,3
-16,-50,0
-16,-30,0
-16,-10,0
68,-142,0
68,-122,0
68,-102,0
68,-82,0
68,-62,0
68,-42,0
48,-42,3
28,-42,3
8,-42,3
-12,-42,3
-12,-22,0
-12,-2,0
-305,-93,2
-285,-93,2
-265,-93,2
-245,-93,2
-225,-93,2
-205,-93,2
-185,-93,2
-165,-93,2
-145,-93,2
-125,-93,2
-105,-93,2
-85,-93,2
-65,-93,2
-45,-93,2
-25,-93,2
-5,-93,2
-5,-73,0
-5,-53,0
-5,-33,0
-5,-13,0
258,247,0
238,247,3
218,247,3
198,247,3
178,247,3
158,247,3
138,247,3
118,247,3
98,247,3
78,247,3
58,247,3
38,247,3
18,247,3
18,227,1
18,207,1
18,187,1
18,167,1
18,147,1
18,127,1
18,107,1
18,87,1
18,67,1
18,47,1
18,27,1
18,7,1
114,31,1
114,11,1
94,11,3
74,11,3
54,11,3
34,11,3
14,11,3
-371,-164,3
-391,-164,3
-411,-164,3
-391,-164,2
-371,-164,2
-351,-164,2
-331,-164,2
-311,-164,2
-291,-164,2
-271,-164,2
-251,-164,2
-231,-164,2
-211,-164,2
-191,-164,2
-171,-164,2
-151,-164,2
-131,-164,2
-111,-164,2
-91,-164,2
-71,-164,2
-51,-164,2
-31,-164,2
-11,-164,2
-11,-144,0
-11,-124,0
-11,-104,0
-11,-84,0
-11,-64,0
-11,-44,0
-11,-24,0
-11,-4,0
419,-207,0
419,-187,0
419,-167,0
419,-147,0
419,-127,0
399,-127,3
379,-127,3
359,-127,3
339,-127,3
319,-127,3
299,-127,3
279,-127,3
259,-127,3
239,-127,3
219,-127,3
199,-127,3
179,-127,3
159,-127,3
139,-127,3
119,-127,3
99,-127,3
79,-127,3
59,-127,3
39,-127,3
19,-127,3
-1,-127,3
-21,-127,3
-21,-107,0
-21,-87,0
-21,-67,0
-21,-47,0
-21,-27,0
-21,-7,0
-20,443,0
-20,463,0
-20,483,0
0,483,2
20,483,2
40,483,2
60,483,2
80,483,2
100,483,2
120,483,2
120,463,1
120,443,1
120,423,1
120,403,1
120,383,1
120,363,1
120,343,1
120,323,1
120,303,1
120,283,1
120,263,1
120,243,1
120,223,1
120,203,1
120,183,1
120,163,1
120,143,1
120,123,1
120,103,1
120,83,1
120,63,1
120,43,1
120,23,1
120,3,1
120,-17,1
120,-37,1
100,-37,3
80,-37,3
60,-37,3
40,-37,3
20,-37,3
0,-37,3
-20,-37,3
-20,-17,0
-20,3,0
-310,-268,0
-310,-248,0
-290,-248,2
-270,-248,2
-250,-248,2
-230,-248,2
-210,-248,2
-190,-248,2
-170,-248,2
-150,-248,2
-130,-248,2
-110,-248,2
-90,-248,2
-70,-248,2
-50,-248,2
-30,-248,2
-10,-248,2
10,-248,2
10,-228,0
10,-208,0
10,-188,0
10,-168,0
10,-148,0
10,-128,0
10,-108,0
10,-88,0
10,-68,0
10,-48,0
10,-28,0
10,-8,0
225,313,0
225,333,0
205,333,3
185,333,3
165,333,3
145,333,3
125,333,3
105,333,3
85,333,3
65,333,3
45,333,3
25,333,3
5,333,3
-15,333,3
-15,313,1
-15,293,1
-15,273,1
-15,253,1
-15,233,1
-15,213,1
-15,193,1
-15,173,1
-15,153,1
-15,133,1
-15,113,1
-15,93,1
-15,73,1
-15,53,1
-15,33,1
-15,13,1
-292,-1,1
-292,-21,1
-272,-21,2
-252,-21,2
-232,-21,2
-212,-21,2
-192,-21,2
-172,-21,2
-152,-21,2
-132,-21,2
-112,-21,2
-92,-21,2
-72,-21,2
-52,-21,2
-32,-21,2
-12,-21,2
-102,-300,2
-82,-300,2
-62,-300,2
-42,-300,2
-42,-280,0
-42,-260,0
-42,-240,0
-42,-220,0
-42,-200,0
-42,-180,0
-42,-160,0
-42,-140,0
-42,-120,0
-42,-100,0
-42,-80,0
-42,-60,0
-42,-40,0
-42,-20,0
-42,0,0
-22,0,2
39,-71,2
59,-71,2
79,-71,2
59,-71,3
39,-71,3
19,-71,3
-1,-71,3
-1,-51,0
-1,-31,0
-1,-11,0
-20,28,0
-20,48,0
-20,68,0
-40,68,3
-60,68,3
-80,68,3
-100,68,3
-120,68,3
-140,68,3
-160,68,3
-160,48,1
-160,28,1
-160,8,1
-160,-12,1
-160,-32,1
-140,-32,2
-120,-32,2
-100,-32,2
-80,-32,2
-60,-32,2
-40,-32,2
-20,-32,2
0,-32,2
20,-32,2
40,-32,2
20,-32,3
20,-12,0
60,250,0
60,270,0
60,290,0
40,290,3
20,290,3
0,290,3
-20,290,3
-40,290,3
-40,270,1
-40,250,1
-40,230,1
-40,210,1
-40,190,1
-40,170,1
-40,150,1
-40,130,1
-40,110,1
-40,90,1
-40,70,1
-40,50,1
-40,30,1
-40,10,1
-20,10,2
315,90,2
335,90,2
355,90,2
375,90,2
395,90,2
375,90,3
355,90,3
335,90,3
315,90,3
295,90,3
275,90,3
255,90,3
235,90,3
215,90,3
195,90,3
175,90,3
155,90,3
135,90,3
115,90,3
95,90,3
75,90,3
55,90,3
35,90,3
15,90,3
-5,90,3
-25,90,3
-25,70,1
-25,50,1
-25,30,1
-25,10,1
-25,-10,1
-25,-30,1
-25,-50,1
-25,-70,1
-25,-90,1
-5,-90,2
15,-90,2
15,-70,0
15,-50,0
15,-30,0
15,-10,0
-14,-382,0
-14,-362,0
-14,-342,0
-14,-322,0
-14,-302,0
-14,-282,0
-14,-262,0
-14,-242,0
-14,-222,0
-14,-202,0
-14,-182,0
-14,-162,0
-14,-142,0
-14,-122,0
-14,-102,0
-14,-82,0
-14,-62,0
-14,-42,0
-14,-22,0
-14,-2,0
-302,177,0
-302,197,0
-302,217,0
-282,217,2
-262,217,2
-242,217,2
-222,217,2
-202,217,2
-182,217,2
-162,217,2
-142,217,2
-122,217,2
-102,217,2
-82,217,2
-62,217,2
-42,217,2
-22,217,2
-2,217,2
18,217,2
18,197,1
18,177,1
18,157,1
18,137,1
18,117,1
18,97,1
18,77,1
18,57,1
18,37,1
18,17,1
353,-92,1
353,-112,1
353,-132,1
353,-152,1
353,-172,1
333,-172,3
313,-172,3
293,-172,3
273,-172,3
253,-172,3
233,-172,3
213,-172,3
193,-172,3
173,-172,3
153,-172,3
133,-172,3
113,-172,3
93,-172,3
73,-172,3
53,-172,3
33,-172,3
13,-172,3
13,-152,0
13,-132,0
13,-112,0
13,-92,0
13,-72,0
13,-52,0
13,-32,0
13,-12,0
-203,-38,0
-203,-18,0
-203,2,0
-203,22,0
-203,42,0
-183,42,2
-163,42,2
-143,42,2
-123,42,2
-103,42,2
-83,42,2
-63,42,2
-43,42,2
-23,42,2
-3,42,2
17,42,2
37,42,2
57,42,2
77,42,2
97,42,2
117,42,2
97,42,3
77,42,3
57,42,3
37,42,3
17,42,3
-3,42,3
-3,22,1
-8,338,1
-8,318,1
-8,298,1
-8,278,1
-8,258,1
-8,238,1
-8,218,1
-8,198,1
-8,178,1
-8,158,1
-8,138,1
-8,118,1
-8,98,1
-8,78,1
-8,58,1
-8,38,1
-8,18,1
157,-237,1
137,-237,3
117,-237,3
97,-237,3
77,-237,3
57,-237,3
37,-237,3
17,-237,3
-3,-237,3
-3,-217,0
-3,-197,0
-3,-177,0
-3,-157,0
-3,-137,0
-3,-117,0
-3,-97,0
-3,-77,0
-3,-57,0
-3,-37,0
-3,-17,0
-104,-52,0
-104,-32,0
-104,-12,0
-84,-12,2
-64,-12,2
-44,-12,2
-24,-12,2
-4,-12,2
111,213,2
131,213,2
151,213,2
171,213,2
191,213,2
211,213,2
191,213,3
171,213,3
151,213,3
131,213,3
111,213,3
91,213,3
71,213,3
51,213,3
31,213,3
11,213,3
-9,213,3
-9,193,1
-9,173,1
-9,153,1
-9,133,1
-9,113,1
-9,93,1
-9,73,1
-9,53,1
-9,33,1
-9,13,1
-53,-246,1
-53,-266,1
-53,-286,1
-53,-306,1
-33,-306,2
-13,-306,2
-13,-286,0
-13,-266,0
-13,-246,0
-13,-226,0
-13,-206,0
-13,-186,0
-13,-166,0
-13,-146,0
-13,-126,0
-13,-106,0
-13,-86,0
-13,-66,0
-13,-46,0
-13,-26,0
-13,-6,0
-250,-64,0
-250,-44,0
-230,-44,2
-210,-44,2
-190,-44,2
-170,-44,2
-150,-44,2
-130,-44,2
-110,-44,2
-90,-44,2
-70,-44,2
-50,-44,2
-30,-44,2
-10,-44,2
10,-44,2
30,-44,2
50,-44,2
30,-44,3
10,-44,3
10,-24,0
10,-4,0
-59,-28,0
-59,-8,0
-79,-8,3
-99,-8,3
-119,-8,3
-139,-8,3
-159,-8,3
-179,-8,3
-159,-8,2
-139,-8,2
-119,-8,2
-99,-8,2
-79,-8,2
-59,-8,2
-39,-8,2
-19,-8,2
408,17,2
428,17,2
428,-3,1
428,-23,1
428,-43,1
428,-63,1
428,-83,1
408,-83,3
388,-83,3
368,-83,3
348,-83,3
328,-83,3
308,-83,3
288,-83,3
268,-83,3
248,-83,3
228,-83,3
208,-83,3
188,-83,3
168,-83,3
148,-83,3
128,-83,3
108,-83,3
88,-83,3
68,-83,3
48,-83,3
28,-83,3
8,-83,3
-12,-83,3
-12,-63,0
-12,-43,0
-12,-23,0
-12,-3,0
38,130,0
38,150,0
38,170,0
58,170,2
78,170,2
98,170,2
118,170,2
138,170,2
158,170,2
178,170,2
178,150,1
178,130,1
178,110,1
178,90,1
178,70,1
178,50,1
178,30,1
178,10,1
178,-10,1
158,-10,3
138,-10,3
118,-10,3
98,-10,3
78,-10,3
58,-10,3
38,-10,3
18,-10,3
-22,-89,3
-42,-89,3
-62,-89,3
-62,-109,1
-62,-129,1
-62,-149,1
-62,-169,1
-62,-189,1
-62,-209,1
-62,-229,1
-42,-229,2
-22,-229,2
-2,-229,2
-2,-209,0
-2,-189,0
-2,-169,0
-2,-149,0
-2,-129,0
-2,-109,0
-2,-89,0
-2,-69,0
-2,-49,0
-2,-29,0
-2,-9,0
-257,280,0
-257,300,0
-237,300,2
-217,300,2
-197,300,2
-177,300,2
-157,300,2
-137,300,2
-117,300,2
-97,300,2
-77,300,2
-57,300,2
-37,300,2
-17,300,2
3,300,2
3,280,1
3,260,1
3,240,1
3,220,1
3,200,1
3,180,1
3,160,1
3,140,1
3,120,1
3,100,1
3,80,1
3,60,1
3,40,1
3,20,1
185,-312,1
185,-332,1
185,-352,1
185,-372,1
185,-392,1
165,-392,3
145,-392,3
125,-392,3
105,-392,3
85,-392,3
65,-392,3
45,-392,3
25,-392,3
5,-392,3
-15,-392,3
-35,-392,3
-35,-372,0
-35,-352,0
-35,-332,0
-35,-312,0
-35,-292,0
-35,-272,0
-35,-252,0
-35,-232,0
-35,-212,0
-35,-192,0
-35,-172,0
-35,-152,0
-35,-132,0
-35,-112,0
-35,-92,0
-35,-72,0
-35,-52,0
-35,-32,0
-35,-12,0
-15,-12,2
-42,0,2
-22,0,2
-46,-27,2
-26,-27,2
-6,-27,2
14,-27,2
34,-27,2
54,-27,2
74,-27,2
94,-27,2
114,-27,2
134,-27,2
154,-27,2
174,-27,2
194,-27,2
214,-27,2
194,-27,3
174,-27,3
154,-27,3
134,-27,3
114,-27,3
94,-27,3
74,-27,3
54,-27,3
34,-27,3
14,-27,3
14,-7,0
-232,394,0
-232,414,0
-252,414,3
-272,414,3
-292,414,3
-312,414,3
-332,414,3
-352,414,3
-372,414,3
-392,414,3
-412,414,3
-432,414,3
-432,394,1
-432,374,1
-432,354,1
-432,334,1
-432,314,1
-432,294,1
-432,274,1
-432,254,1
-432,234,1
-432,214,1
-432,194,1
-432,174,1
-432,154,1
-432,134,1
-432,114,1
-432,94,1
-432,74,1
-432,54,1
-432,34,1
-432,14,1
-432,-6,1
-412,-6,2
-392,-6,2
-372,-6,2
-352,-6,2
-332,-6,2
-312,-6,2
-292,-6,2
-272,-6,2
-252,-6,2
-232,-6,2
-212,-6,2
-192,-6,2
-172,-6,2
-152,-6,2
-132,-6,2
-112,-6,2
-92,-6,2
-72,-6,2
-52,-6,2
-32,-6,2
-12,-6,2
217,-69,2
237,-69,2
257,-69,2
237,-69,3
217,-69,3
197,-69,3
177,-69,3
157,-69,3
137,-69,3
117,-69,3
97,-69,3
77,-69,3
57,-69,3
37,-69,3
17,-69,3
17,-49,0
17,-29,0
17,-9,0
137,138,0
137,158,0
137,178,0
137,198,0
137,218,0
137,238,0
137,258,0
137,278,0
137,298,0
117,298,3
97,298,3
77,298,3
57,298,3
37,298,3
17,298,3
-3,298,3
-23,298,3
-23,278,1
-23,258,1
-23,238,1
-23,218,1
-23,198,1
-23,178,1
-23,158,1
-23,138,1
-23,118,1
-23,98,1
-23,78,1
-23,58,1
-23,38,1
-23,18,1
-23,-2,1
-302,-43,2
-282,-43,2
-262,-43,2
-242,-43,2
-222,-43,2
-202,-43,2
-182,-43,2
-162,-43,2
-142,-43,2
-122,-43,2
-102,-43,2
-82,-43,2
-62,-43,2
-42,-43,2
-22,-43,2
-2,-43,2
-2,-23,0
48,-407,0
48,-387,0
48,-367,0
48,-347,0
48,-327,0
48,-307,0
48,-287,0
48,-267,0
48,-247,0
48,-227,0
48,-207,0
48,-187,0
48,-167,0
48,-147,0
48,-127,0
48,-107,0
48,-87,0
48,-67,0
48,-47,0
48,-27,0
48,-7,0
48,13,0
48,33,0
28,33,3
8,33,3
-12,33,3
-32,33,3
-52,33,3
-72,33,3
-92,33,3
-112,33,3
-132,33,3
-112,33,2
-92,33,2
-72,33,2
-52,33,2
-32,33,2
-12,33,2
8,33,2
8,13,1
38,163,1
38,143,1
38,123,1
38,103,1
38,83,1
38,63,1
38,43,1
38,23,1
38,3,1
38,-17,1
38,-37,1
38,-57,1
18,-57,3
-2,-57,3
-2,-37,0
-2,-17,0
55,80,0
55,100,0
55,120,0
35,120,3
15,120,3
-5,120,3
-25,120,3
-25,100,1
-25,80,1
-25,60,1
-25,40,1
-25,20,1
-25,0,1
-5,0,2
15,-139,2
35,-139,2
55,-139,2
35,-139,3
15,-139,3
-5,-139,3
-25,-139,3
-25,-119,0
-25,-99,0
-25,-79,0
-25,-59,0
-25,-39,0
-25,-19,0
-25,1,0
-5,1,2
252,29,2
272,29,2
292,29,2
312,29,2
332,29,2
352,29,2
372,29,2
352,29,3
332,29,3
312,29,3
292,29,3
272,29,3
252,29,3
232,29,3
212,29,3
192,29,3
172,29,3
152,29,3
132,29,3
112,29,3
92,29,3
72,29,3
52,29,3
32,29,3
12,29,3
-8,29,3
-28,29,3
-28,9,1
-28,-11,1
-28,-31,1
-28,-51,1
-28,-71,1
-28,-91,1
-28,-111,1
-28,-131,1
-28,-151,1
-28,-171,1
-8,-171,2
12,-171,2
12,-151,0
12,-131,0
12,-111,0
12,-91,0
12,-71,0
12,-51,0
12,-31,0
12,-11,0
-70,-86,0
-70,-66,0
-50,-66,2
-30,-66,2
-10,-66,2
10,-66,2
30,-66,2
50,-66,2
70,-66,2
90,-66,2
70,-66,3
50,-66,3
30,-66,3
10,-66,3
10,-46,0
10,-26,0
10,-6,0
-65,16,2
-45,16,2
-25,16,2
-5,16,2
67,73,2
87,73,2
107,73,2
107,53,1
107,33,1
107,13,1
87,13,3
67,13,3
47,13,3
27,13,3
7,13,3
-329,175,3
-349,175,3
-349,155,1
-349,135,1
-349,115,1
-349,95,1
-349,75,1
-349,55,1
-349,35,1
-349,15,1
-349,-5,1
-349,-25,1
-329,-25,2
-309,-25,2
-289,-25,2
-269,-25,2
-249,-25,2
-229,-25,2
-209,-25,2
-189,-25,2
-169,-25,2
-149,-25,2
-129,-25,2
-109,-25,2
-89,-25,2
-69,-25,2
-49,-25,2
-29,-25,2
-9,-25,2
11,-25,2
31,-25,2
11,-25,3
-9,-25,3
-9,-5,0
442,-84,0
442,-64,0
442,-44,0
442,-24,0
442,-4,0
442,16,0
442,36,0
442,56,0
442,76,0
422,76,3
402,76,3
382,76,3
362,76,3
342,76,3
322,76,3
302,76,3
282,76,3
262,76,3
242,76,3
222,76,3
202,76,3
182,76,3
162,76,3
142,76,3
122,76,3
102,76,3
82,76,3
62,76,3
42,76,3
22,76,3
2,76,3
2,56,1
2,36,1
2,16,1
-281,239,1
-281,219,1
-281,199,1
-281,179,1
-281,159,1
-281,139,1
-281,119,1
-281,99,1
-281,79,1
-281,59,1
-281,39,1
-281,19,1
-281,-1,1
-261,-1,2
-241,-1,2
-221,-1,2
-201,-1,2
-181,-1,2
-161,-1,2
-141,-1,2
-121,-1,2
-101,-1,2
-81,-1,2
-61,-1,2
-41,-1,2
-21,-1,2
67,-200,2
87,-200,2
107,-200,2
127,-200,2
147,-200,2
127,-200,3
107,-200,3
87,-200,3
67,-200,3
47,-200,3
27,-200,3
27,-180,0
27,-160,0
27,-140,0
27,-120,0
27,-100,0
27,-80,0
27,-60,0
27,-40,0
27,-20,0
27,0,0
7,0,3
-20,203,3
-40,203,3
-60,203,3
-80,203,3
-100,203,3
-120,203,3
-140,203,3
-160,203,3
-180,203,3
-180,183,1
-180,163,1
-180,143,1
-180,123,1
-180,103,1
-180,83,1
-180,63,1
-180,43,1
-180,23,1
-180,3,1
-180,-17,1
-160,-17,2
-140,-17,2
-120,-17,2
-100,-17,2
-80,-17,2
-60,-17,2
-40,-17,2
-20,-17,2
0,-17,2
206,-369,2
226,-369,2
246,-369,2
266,-369,2
286,-369,2
306,-369,2
326,-369,2
346,-369,2
366,-369,2
386,-369,2
366,-369,3
346,-369,3
326,-369,3
306,-369,3
286,-369,3
266,-369,3
246,-369,3
226,-369,3
206,-369,3
186,-369,3
166,-369,3
146,-369,3
126,-369,3
106,-369,3
86,-369,3
66,-369,3
46,-369,3
26,-369,3
6,-369,3
-14,-369,3
-14,-349,0
-14,-329,0
-14,-309,0
-14,-289,0
-14,-269,0
-14,-249,0
-14,-229,0
-14,-209,0
-14,-189,0
-14,-169,0
-14,-149,0
-14,-129,0
-14,-109,0
-14,-89,0
-14,-69,0
-14,-49,0
-14,-29,0
-14,-9,0
-4,70,0
-4,90,0
-4,110,0
16,110,2
36,110,2
56,110,2
76,110,2
96,110,2
116,110,2
136,110,2
156,110,2
176,110,2
196,110,2
216,110,2
236,110,2
256,110,2
276,110,2
296,110,2
316,110,2
316,90,1
316,70,1
316,50,1
316,30,1
316,10,1
316,-10,1
296,-10,3
276,-10,3
256,-10,3
236,-10,3
216,-10,3
196,-10,3
176,-10,3
156,-10,3
136,-10,3
116,-10,3
96,-10,3
76,-10,3
56,-10,3
36,-10,3
16,-10,3
-40,118,3
-60,118,3
-80,118,3
